,symboling,normalized-losses,make,num-of-doors,body-style,drive-wheels,engine-location,wheel-base,length,width,height,curb-weight,engine-type,num-of-cylinders,engine-size,fuel-system,bore,stroke,compression-ratio,horsepower,peak-rpm,city-mpg,highway-mpg,price,highway-L/100km,horsepower-binned,fuel-type-diesel,fuel-type-gas,aspiration-std,aspiration-turbo
0,3,,alfa-romero,two,convertible,rwd,front,88.6,0.8111484863046613,0.8160535117056856,48.8,2548,dohc,four,130,mpfi,3.47,2.68,9.0,111.0,5000,21,27,13495,8.703703703703704,Low,False,True,True,False
1,3,,alfa-romero,two,convertible,rwd,front,88.6,0.8111484863046613,0.8160535117056856,48.8,2548,dohc,four,130,mpfi,3.47,2.68,9.0,111.0,5000,21,27,16500,8.703703703703704,Low,False,True,True,False
2,1,,alfa-romero,two,hatchback,rwd,front,94.5,0.8226814031715521,0.8762541806020067,52.4,2823,ohcv,six,152,mpfi,2.68,3.47,9.0,154.0,5000,19,26,16500,9.038461538461538,Medium,False,True,True,False
3,2,164,audi,four,sedan,fwd,front,99.8,0.8486304661220567,0.9080267558528428,54.3,2337,ohc,four,109,mpfi,3.19,3.40,10.0,102.0,5500,24,30,13950,7.833333333333333,Low,False,True,True,False
4,2,164,audi,four,sedan,4wd,front,99.4,0.8486304661220567,0.9080267558528428,54.3,2824,ohc,five,136,mpfi,3.19,3.40,8.0,115.0,5500,18,22,17450,10.681818181818182,Low,False,True,True,False
5,2,,audi,two,sedan,fwd,front,99.8,0.8519942335415667,0.8879598662207359,53.1,2507,ohc,five,136,mpfi,3.19,3.40,8.5,110.0,5500,19,25,15250,9.4,Low,False,True,True,False
6,1,158,audi,four,sedan,fwd,front,105.8,0.9259971167707832,0.931438127090301,55.7,2844,ohc,five,136,mpfi,3.19,3.40,8.5,110.0,5500,19,25,17710,9.4,Low,False,True,True,False
7,1,,audi,four,wagon,fwd,front,105.8,0.9259971167707832,0.931438127090301,55.7,2954,ohc,five,136,mpfi,3.19,3.40,8.5,110.0,5500,19,25,18920,9.4,Low,False,True,True,False
8,1,158,audi,four,sedan,fwd,front,105.8,0.9259971167707832,0.9347826086956522,55.9,3086,ohc,five,131,mpfi,3.13,3.40,8.3,140.0,5500,17,20,23875,11.75,Medium,False,True,False,True
9,2,192,bmw,two,sedan,rwd,front,101.2,0.849591542527631,0.9080267558528428,54.3,2395,ohc,four,108,mpfi,3.50,2.80,8.8,101.0,5800,23,29,16430,8.10344827586207,Low,False,True,True,False
10,0,192,bmw,four,sedan,rwd,front,101.2,0.849591542527631,0.9080267558528428,54.3,2395,ohc,four,108,mpfi,3.50,2.80,8.8,101.0,5800,23,29,16925,8.10344827586207,Low,False,True,True,False
11,0,188,bmw,two,sedan,rwd,front,101.2,0.849591542527631,0.9080267558528428,54.3,2710,ohc,six,164,mpfi,3.31,3.19,9.0,121.0,4250,21,28,20970,8.392857142857142,Medium,False,True,True,False
12,0,188,bmw,four,sedan,rwd,front,101.2,0.849591542527631,0.9080267558528428,54.3,2765,ohc,six,164,mpfi,3.31,3.19,9.0,121.0,4250,21,28,21105,8.392857142857142,Medium,False,True,True,False
13,1,,bmw,four,sedan,rwd,front,103.5,0.9082172032676598,0.931438127090301,55.7,3055,ohc,six,164,mpfi,3.31,3.19,9.0,121.0,4250,20,25,24565,9.4,Medium,False,True,True,False
14,0,,bmw,four,sedan,rwd,front,103.5,0.9082172032676598,0.931438127090301,55.7,3230,ohc,six,209,mpfi,3.62,3.39,8.0,182.0,5400,16,22,30760,10.681818181818182,Medium,False,True,True,False
15,0,,bmw,two,sedan,rwd,front,103.5,0.9312830370014417,0.8979933110367894,53.7,3380,ohc,six,209,mpfi,3.62,3.39,8.0,182.0,5400,16,22,41315,10.681818181818182,Medium,False,True,True,False
16,0,,bmw,four,sedan,rwd,front,110.0,0.9466602594906295,0.9414715719063546,56.3,3505,ohc,six,209,mpfi,3.62,3.39,8.0,182.0,5400,15,20,36880,11.75,Medium,False,True,True,False
17,2,121,chevrolet,two,hatchback,fwd,front,88.4,0.6780394041326285,0.8896321070234114,53.2,1488,l,three,61,2bbl,2.91,3.03,9.5,48.0,5100,47,53,5151,4.433962264150943,Low,False,True,True,False
18,1,98,chevrolet,two,hatchback,fwd,front,94.5,0.7491590581451226,0.8695652173913044,52.0,1874,ohc,four,90,2bbl,3.03,3.11,9.6,70.0,5400,38,43,6295,5.465116279069767,Low,False,True,True,False
19,0,81,chevrolet,four,sedan,fwd,front,94.5,0.7630946660259491,0.8695652173913044,52.0,1909,ohc,four,90,2bbl,3.03,3.11,9.6,70.0,5400,38,43,6575,5.465116279069767,Low,False,True,True,False
20,1,118,dodge,two,hatchback,fwd,front,93.7,0.7558865929841423,0.8494983277591973,50.8,1876,ohc,four,90,2bbl,2.97,3.23,9.41,68.0,5500,37,41,5572,5.7317073170731705,Low,False,True,True,False
21,1,118,dodge,two,hatchback,fwd,front,93.7,0.7558865929841423,0.8494983277591973,50.8,1876,ohc,four,90,2bbl,2.97,3.23,9.4,68.0,5500,31,38,6377,6.184210526315789,Low,False,True,True,False
22,1,118,dodge,two,hatchback,fwd,front,93.7,0.7558865929841423,0.8494983277591973,50.8,2128,ohc,four,98,mpfi,3.03,3.39,7.6,102.0,5500,24,30,7957,7.833333333333333,Low,False,True,False,True
23,1,148,dodge,four,hatchback,fwd,front,93.7,0.7558865929841423,0.8461538461538463,50.6,1967,ohc,four,90,2bbl,2.97,3.23,9.4,68.0,5500,31,38,6229,6.184210526315789,Low,False,True,True,False
24,1,148,dodge,four,sedan,fwd,front,93.7,0.7558865929841423,0.8461538461538463,50.6,1989,ohc,four,90,2bbl,2.97,3.23,9.4,68.0,5500,31,38,6692,6.184210526315789,Low,False,True,True,False
25,1,148,dodge,four,sedan,fwd,front,93.7,0.7558865929841423,0.8461538461538463,50.6,1989,ohc,four,90,2bbl,2.97,3.23,9.4,68.0,5500,31,38,7609,6.184210526315789,Low,False,True,True,False
26,1,148,dodge,,sedan,fwd,front,93.7,0.7558865929841423,0.8461538461538463,50.6,2191,ohc,four,98,mpfi,3.03,3.39,7.6,102.0,5500,24,30,8558,7.833333333333333,Low,False,True,False,True
27,-1,110,dodge,four,wagon,fwd,front,103.3,0.8390197020663143,1.0,59.8,2535,ohc,four,122,2bbl,3.34,3.46,8.5,88.0,5000,24,30,8921,7.833333333333333,Low,False,True,True,False
28,3,145,dodge,two,hatchback,fwd,front,95.9,0.8322921672272945,0.8394648829431439,50.2,2811,ohc,four,156,mfi,3.60,3.90,7.0,145.0,5000,19,24,12964,9.791666666666666,Medium,False,True,False,True
29,2,137,honda,two,hatchback,fwd,front,86.6,0.6948582412301778,0.8494983277591973,50.8,1713,ohc,four,92,1bbl,2.91,3.41,9.6,58.0,4800,49,54,6479,4.351851851851852,Low,False,True,True,False
30,2,137,honda,two,hatchback,fwd,front,86.6,0.6948582412301778,0.8494983277591973,50.8,1819,ohc,four,92,1bbl,2.91,3.41,9.2,76.0,6000,31,38,6855,6.184210526315789,Low,False,True,True,False
31,1,101,honda,two,hatchback,fwd,front,93.7,0.7208073041806824,0.8795986622073579,52.6,1837,ohc,four,79,1bbl,2.91,3.07,10.1,60.0,5500,38,42,5399,5.595238095238095,Low,False,True,True,False
32,1,101,honda,two,hatchback,fwd,front,93.7,0.7208073041806824,0.8795986622073579,52.6,1940,ohc,four,92,1bbl,2.91,3.41,9.2,76.0,6000,30,34,6529,6.911764705882353,Low,False,True,True,False
33,1,101,honda,two,hatchback,fwd,front,93.7,0.7208073041806824,0.8795986622073579,52.6,1956,ohc,four,92,1bbl,2.91,3.41,9.2,76.0,6000,30,34,7129,6.911764705882353,Low,False,True,True,False
34,0,110,honda,four,sedan,fwd,front,96.5,0.7851994233541567,0.911371237458194,54.5,2010,ohc,four,92,1bbl,2.91,3.41,9.2,76.0,6000,30,34,7295,6.911764705882353,Low,False,True,True,False
35,0,78,honda,four,wagon,fwd,front,96.5,0.754925516578568,0.9749163879598662,58.3,2024,ohc,four,92,1bbl,2.92,3.41,9.2,76.0,6000,30,34,7295,6.911764705882353,Low,False,True,True,False
36,0,106,honda,two,hatchback,fwd,front,96.5,0.8049014896684287,0.8913043478260869,53.3,2236,ohc,four,110,1bbl,3.15,3.58,9.0,86.0,5800,27,33,7895,7.121212121212121,Low,False,True,True,False
37,0,106,honda,two,hatchback,fwd,front,96.5,0.8049014896684287,0.8913043478260869,53.3,2289,ohc,four,110,1bbl,3.15,3.58,9.0,86.0,5800,27,33,9095,7.121212121212121,Low,False,True,True,False
38,0,85,honda,four,sedan,fwd,front,96.5,0.8428640076886112,0.9046822742474917,54.1,2304,ohc,four,110,1bbl,3.15,3.58,9.0,86.0,5800,27,33,8845,7.121212121212121,Low,False,True,True,False
39,0,85,honda,four,sedan,fwd,front,96.5,0.8428640076886112,0.9046822742474917,54.1,2372,ohc,four,110,1bbl,3.15,3.58,9.0,86.0,5800,27,33,10295,7.121212121212121,Low,False,True,True,False
40,0,85,honda,four,sedan,fwd,front,96.5,0.8428640076886112,0.9046822742474917,54.1,2465,ohc,four,110,mpfi,3.15,3.58,9.0,101.0,5800,24,28,12945,8.392857142857142,Low,False,True,True,False
41,1,107,honda,two,sedan,fwd,front,96.5,0.8125901009130225,0.8528428093645485,51.0,2293,ohc,four,110,2bbl,3.15,3.58,9.1,100.0,5500,25,31,10345,7.580645161290323,Low,False,True,True,False
42,0,,isuzu,four,sedan,rwd,front,94.3,0.8202787121576165,0.8946488294314382,53.5,2337,ohc,four,111,2bbl,3.31,3.23,8.5,78.0,4800,24,29,6785,8.10344827586207,Low,False,True,True,False
43,2,,isuzu,two,hatchback,rwd,front,96.0,0.8294089380105718,0.8595317725752508,51.4,2734,ohc,four,119,spfi,3.43,3.23,9.2,90.0,5000,24,29,11048,8.10344827586207,Low,False,True,True,False
44,0,145,jaguar,four,sedan,rwd,front,113.0,0.9591542527630946,0.882943143812709,52.8,4066,dohc,six,258,mpfi,3.63,4.17,8.1,176.0,4750,15,19,32250,12.368421052631579,Medium,False,True,True,False
45,0,,jaguar,four,sedan,rwd,front,113.0,0.9591542527630946,0.882943143812709,52.8,4066,dohc,six,258,mpfi,3.63,4.17,8.1,176.0,4750,15,19,35550,12.368421052631579,Medium,False,True,True,False
46,0,,jaguar,two,sedan,rwd,front,102.0,0.921191734742912,0.7993311036789298,47.8,3950,ohcv,twelve,326,mpfi,3.54,2.76,11.5,262.0,5000,13,17,36000,13.823529411764707,High,False,True,True,False
47,1,104,mazda,two,hatchback,fwd,front,93.1,0.7645362806343105,0.9046822742474917,54.1,1890,ohc,four,91,2bbl,3.03,3.15,9.0,68.0,5000,30,31,5195,7.580645161290323,Low,False,True,True,False
48,1,104,mazda,two,hatchback,fwd,front,93.1,0.7645362806343105,0.9046822742474917,54.1,1900,ohc,four,91,2bbl,3.03,3.15,9.0,68.0,5000,31,38,6095,6.184210526315789,Low,False,True,True,False
49,1,104,mazda,two,hatchback,fwd,front,93.1,0.7645362806343105,0.9046822742474917,54.1,1905,ohc,four,91,2bbl,3.03,3.15,9.0,68.0,5000,31,38,6795,6.184210526315789,Low,False,True,True,False
50,1,113,mazda,four,sedan,fwd,front,93.1,0.8015377222489188,0.9046822742474917,54.1,1945,ohc,four,91,2bbl,3.03,3.15,9.0,68.0,5000,31,38,6695,6.184210526315789,Low,False,True,True,False
51,1,113,mazda,four,sedan,fwd,front,93.1,0.8015377222489188,0.9046822742474917,54.1,1950,ohc,four,91,2bbl,3.08,3.15,9.0,68.0,5000,31,38,7395,6.184210526315789,Low,False,True,True,False
52,3,150,mazda,two,hatchback,rwd,front,95.3,0.8121095627102355,0.8294314381270904,49.6,2380,rotor,two,70,4bbl,,,9.4,101.0,6000,17,23,10945,10.217391304347826,Low,False,True,True,False
53,3,150,mazda,two,hatchback,rwd,front,95.3,0.8121095627102355,0.8294314381270904,49.6,2380,rotor,two,70,4bbl,,,9.4,101.0,6000,17,23,11845,10.217391304347826,Low,False,True,True,False
54,3,150,mazda,two,hatchback,rwd,front,95.3,0.8121095627102355,0.8294314381270904,49.6,2385,rotor,two,70,4bbl,,,9.4,101.0,6000,17,23,13645,10.217391304347826,Low,False,True,True,False
55,3,150,mazda,two,hatchback,rwd,front,95.3,0.8121095627102355,0.8294314381270904,49.6,2500,rotor,two,80,mpfi,,,9.4,135.0,6000,16,23,15645,10.217391304347826,Medium,False,True,True,False
56,1,129,mazda,two,hatchback,fwd,front,98.8,0.8543969245555022,0.8979933110367894,53.7,2385,ohc,four,122,2bbl,3.39,3.39,8.6,84.0,4800,26,32,8845,7.34375,Low,False,True,True,False
57,0,115,mazda,four,sedan,fwd,front,98.8,0.8543969245555022,0.9280936454849499,55.5,2410,ohc,four,122,2bbl,3.39,3.39,8.6,84.0,4800,26,32,8495,7.34375,Low,False,True,True,False
58,1,129,mazda,two,hatchback,fwd,front,98.8,0.8543969245555022,0.8979933110367894,53.7,2385,ohc,four,122,2bbl,3.39,3.39,8.6,84.0,4800,26,32,10595,7.34375,Low,False,True,True,False
59,0,115,mazda,four,sedan,fwd,front,98.8,0.8543969245555022,0.9280936454849499,55.5,2410,ohc,four,122,2bbl,3.39,3.39,8.6,84.0,4800,26,32,10245,7.34375,Low,False,True,True,False
60,0,,mazda,,sedan,fwd,front,98.8,0.8543969245555022,0.9280936454849499,55.5,2443,ohc,four,122,idi,3.39,3.39,22.7,64.0,4650,36,42,10795,5.595238095238095,Low,True,False,True,False
61,0,115,mazda,four,hatchback,fwd,front,98.8,0.8543969245555022,0.9280936454849499,55.5,2425,ohc,four,122,2bbl,3.39,3.39,8.6,84.0,4800,26,32,11245,7.34375,Low,False,True,True,False
62,0,118,mazda,four,sedan,rwd,front,104.9,0.8409418548774628,0.9096989966555185,54.4,2670,ohc,four,140,mpfi,3.76,3.16,8.0,120.0,5000,19,27,18280,8.703703703703704,Medium,False,True,True,False
63,0,,mazda,four,sedan,rwd,front,104.9,0.8409418548774628,0.9096989966555185,54.4,2700,ohc,four,134,idi,3.43,3.64,22.0,72.0,4200,31,39,18344,6.0256410256410255,Low,True,False,True,False
64,-1,93,mercedes-benz,four,sedan,rwd,front,110.0,0.9173474291206152,0.9448160535117057,56.5,3515,ohc,five,183,idi,3.58,3.64,21.5,123.0,4350,22,25,25552,9.4,Medium,True,False,False,True
65,-1,93,mercedes-benz,four,wagon,rwd,front,110.0,0.9173474291206152,0.9816053511705687,58.7,3750,ohc,five,183,idi,3.58,3.64,21.5,123.0,4350,22,25,28248,9.4,Medium,True,False,False,True
66,0,93,mercedes-benz,two,hardtop,rwd,front,106.7,0.9010091302258529,0.9180602006688964,54.9,3495,ohc,five,183,idi,3.58,3.64,21.5,123.0,4350,22,25,28176,9.4,Medium,True,False,False,True
67,-1,93,mercedes-benz,four,sedan,rwd,front,115.6,0.9735703988467083,0.9414715719063546,56.3,3770,ohc,five,183,idi,3.58,3.64,21.5,123.0,4350,22,25,31600,9.4,Medium,True,False,False,True
68,-1,,mercedes-benz,four,sedan,rwd,front,115.6,0.9735703988467083,0.9448160535117057,56.5,3740,ohcv,eight,234,mpfi,3.46,3.10,8.3,155.0,4750,16,18,34184,13.055555555555555,Medium,False,True,True,False
69,3,142,mercedes-benz,two,convertible,rwd,front,96.6,0.8664103796251803,0.8494983277591973,50.8,3685,ohcv,eight,234,mpfi,3.46,3.10,8.3,155.0,4750,16,18,35056,13.055555555555555,Medium,False,True,True,False
70,0,,mercedes-benz,four,sedan,rwd,front,120.9,1.0,0.948160535117057,56.7,3900,ohcv,eight,308,mpfi,3.80,3.35,8.0,184.0,4500,14,16,40960,14.6875,Medium,False,True,True,False
71,1,,mercedes-benz,two,hardtop,rwd,front,112.0,0.9572320999519461,0.9264214046822743,55.4,3715,ohcv,eight,304,mpfi,3.80,3.35,8.0,184.0,4500,14,16,45400,14.6875,Medium,False,True,True,False
72,1,,mercury,two,hatchback,rwd,front,102.7,0.857280153772225,0.9163879598662207,54.8,2910,ohc,four,140,mpfi,3.78,3.12,8.0,175.0,5000,19,24,16503,9.791666666666666,Medium,False,True,False,True
73,2,161,mitsubishi,two,hatchback,fwd,front,93.7,0.7558865929841423,0.8494983277591973,50.8,1918,ohc,four,92,2bbl,2.97,3.23,9.4,68.0,5500,37,41,5389,5.7317073170731705,Low,False,True,True,False
74,2,161,mitsubishi,two,hatchback,fwd,front,93.7,0.7558865929841423,0.8494983277591973,50.8,1944,ohc,four,92,2bbl,2.97,3.23,9.4,68.0,5500,31,38,6189,6.184210526315789,Low,False,True,True,False
75,2,161,mitsubishi,two,hatchback,fwd,front,93.7,0.7558865929841423,0.8494983277591973,50.8,2004,ohc,four,92,2bbl,2.97,3.23,9.4,68.0,5500,31,38,6669,6.184210526315789,Low,False,True,True,False
76,1,161,mitsubishi,two,hatchback,fwd,front,93.0,0.7558865929841423,0.8494983277591973,50.8,2145,ohc,four,98,spdi,3.03,3.39,7.6,102.0,5500,24,30,7689,7.833333333333333,Low,False,True,False,True
77,3,153,mitsubishi,two,hatchback,fwd,front,96.3,0.8313310908217203,0.8260869565217391,49.4,2370,ohc,four,110,spdi,3.17,3.46,7.5,116.0,5500,23,30,9959,7.833333333333333,Low,False,True,False,True
78,3,153,mitsubishi,two,hatchback,fwd,front,96.3,0.8313310908217203,0.8260869565217391,49.4,2328,ohc,four,122,2bbl,3.35,3.46,8.5,88.0,5000,25,32,8499,7.34375,Low,False,True,True,False
79,3,,mitsubishi,two,hatchback,fwd,front,95.9,0.8322921672272945,0.8394648829431439,50.2,2833,ohc,four,156,spdi,3.58,3.86,7.0,145.0,5000,19,24,12629,9.791666666666666,Medium,False,True,False,True
80,3,,mitsubishi,two,hatchback,fwd,front,95.9,0.8322921672272945,0.8394648829431439,50.2,2921,ohc,four,156,spdi,3.59,3.86,7.0,145.0,5000,19,24,14869,9.791666666666666,Medium,False,True,False,True
81,3,,mitsubishi,two,hatchback,fwd,front,95.9,0.8322921672272945,0.8394648829431439,50.2,2926,ohc,four,156,spdi,3.59,3.86,7.0,145.0,5000,19,24,14489,9.791666666666666,Medium,False,True,False,True
82,1,125,mitsubishi,four,sedan,fwd,front,96.3,0.8284478616049976,0.8628762541806021,51.6,2365,ohc,four,122,2bbl,3.35,3.46,8.5,88.0,5000,25,32,6989,7.34375,Low,False,True,True,False
83,1,125,mitsubishi,four,sedan,fwd,front,96.3,0.8284478616049976,0.8628762541806021,51.6,2405,ohc,four,122,2bbl,3.35,3.46,8.5,88.0,5000,25,32,8189,7.34375,Low,False,True,True,False
84,1,125,mitsubishi,four,sedan,fwd,front,96.3,0.8284478616049976,0.8628762541806021,51.6,2403,ohc,four,110,spdi,3.17,3.46,7.5,116.0,5500,23,30,9279,7.833333333333333,Low,False,True,False,True
85,-1,137,mitsubishi,four,sedan,fwd,front,96.3,0.8284478616049976,0.8628762541806021,51.6,2403,ohc,four,110,spdi,3.17,3.46,7.5,116.0,5500,23,30,9279,7.833333333333333,Low,False,True,True,False
86,1,128,nissan,two,sedan,fwd,front,94.5,0.794329649207112,0.911371237458194,54.5,1889,ohc,four,97,2bbl,3.15,3.29,9.4,69.0,5200,31,37,5499,6.351351351351352,Low,False,True,True,False
87,1,128,nissan,two,sedan,fwd,front,94.5,0.794329649207112,0.911371237458194,54.5,2017,ohc,four,103,idi,2.99,3.47,21.9,55.0,4800,45,50,7099,4.7,Low,True,False,True,False
88,1,128,nissan,two,sedan,fwd,front,94.5,0.794329649207112,0.911371237458194,54.5,1918,ohc,four,97,2bbl,3.15,3.29,9.4,69.0,5200,31,37,6649,6.351351351351352,Low,False,True,True,False
89,1,122,nissan,four,sedan,fwd,front,94.5,0.794329649207112,0.911371237458194,54.5,1938,ohc,four,97,2bbl,3.15,3.29,9.4,69.0,5200,31,37,6849,6.351351351351352,Low,False,True,True,False
90,1,103,nissan,four,wagon,fwd,front,94.5,0.8178760211436809,0.8946488294314382,53.5,2024,ohc,four,97,2bbl,3.15,3.29,9.4,69.0,5200,31,37,7349,6.351351351351352,Low,False,True,True,False
91,1,128,nissan,two,sedan,fwd,front,94.5,0.794329649207112,0.911371237458194,54.5,1951,ohc,four,97,2bbl,3.15,3.29,9.4,69.0,5200,31,37,7299,6.351351351351352,Low,False,True,True,False
92,1,128,nissan,two,hatchback,fwd,front,94.5,0.7957712638154734,0.8913043478260869,53.3,2028,ohc,four,97,2bbl,3.15,3.29,9.4,69.0,5200,31,37,7799,6.351351351351352,Low,False,True,True,False
93,1,122,nissan,four,sedan,fwd,front,94.5,0.794329649207112,0.911371237458194,54.5,1971,ohc,four,97,2bbl,3.15,3.29,9.4,69.0,5200,31,37,7499,6.351351351351352,Low,False,True,True,False
94,1,103,nissan,four,wagon,fwd,front,94.5,0.8178760211436809,0.8946488294314382,53.5,2037,ohc,four,97,2bbl,3.15,3.29,9.4,69.0,5200,31,37,7999,6.351351351351352,Low,False,True,True,False
95,2,168,nissan,two,hardtop,fwd,front,95.1,0.7803940413262855,0.8913043478260869,53.3,2008,ohc,four,97,2bbl,3.15,3.29,9.4,69.0,5200,31,37,8249,6.351351351351352,Low,False,True,True,False
96,0,106,nissan,four,hatchback,fwd,front,97.2,0.8332532436328689,0.9147157190635452,54.7,2324,ohc,four,120,2bbl,3.33,3.47,8.5,97.0,5200,27,34,8949,6.911764705882353,Low,False,True,True,False
97,0,106,nissan,four,sedan,fwd,front,97.2,0.8332532436328689,0.9147157190635452,54.7,2302,ohc,four,120,2bbl,3.33,3.47,8.5,97.0,5200,27,34,9549,6.911764705882353,Low,False,True,True,False
98,0,128,nissan,four,sedan,fwd,front,100.4,0.8731379144641999,0.9214046822742475,55.1,3095,ohcv,six,181,mpfi,3.43,3.27,9.0,152.0,5200,17,22,13499,10.681818181818182,Medium,False,True,True,False
99,0,108,nissan,four,wagon,fwd,front,100.4,0.8870735223450265,0.9381270903010034,56.1,3296,ohcv,six,181,mpfi,3.43,3.27,9.0,152.0,5200,17,22,14399,10.681818181818182,Medium,False,True,True,False
100,0,108,nissan,four,sedan,fwd,front,100.4,0.8870735223450265,0.9214046822742475,55.1,3060,ohcv,six,181,mpfi,3.43,3.27,9.0,152.0,5200,19,25,13499,9.4,Medium,False,True,True,False
101,3,194,nissan,two,hatchback,rwd,front,91.3,0.8202787121576165,0.831103678929766,49.7,3071,ohcv,six,181,mpfi,3.43,3.27,9.0,160.0,5200,19,25,17199,9.4,Medium,False,True,True,False
102,3,194,nissan,two,hatchback,rwd,front,91.3,0.8202787121576165,0.831103678929766,49.7,3139,ohcv,six,181,mpfi,3.43,3.27,7.8,200.0,5200,17,23,19699,10.217391304347826,High,False,True,False,True
103,1,231,nissan,two,hatchback,rwd,front,99.2,0.857760691975012,0.831103678929766,49.7,3139,ohcv,six,181,mpfi,3.43,3.27,9.0,160.0,5200,19,25,18399,9.4,Medium,False,True,True,False
104,0,161,peugot,four,sedan,rwd,front,107.9,0.897164824603556,0.948160535117057,56.7,3020,l,four,120,mpfi,3.46,3.19,8.4,97.0,5000,19,24,11900,9.791666666666666,Low,False,True,True,False
105,0,161,peugot,four,sedan,rwd,front,107.9,0.897164824603556,0.948160535117057,56.7,3197,l,four,152,idi,3.70,3.52,21.0,95.0,4150,28,33,13200,7.121212121212121,Low,True,False,False,True
106,0,,peugot,four,wagon,rwd,front,114.2,0.9557904853435849,0.9816053511705687,58.7,3230,l,four,120,mpfi,3.46,3.19,8.4,97.0,5000,19,24,12440,9.791666666666666,Low,False,True,True,False
107,0,,peugot,four,wagon,rwd,front,114.2,0.9557904853435849,0.9816053511705687,58.7,3430,l,four,152,idi,3.70,3.52,21.0,95.0,4150,25,25,13860,9.4,Low,True,False,False,True
108,0,161,peugot,four,sedan,rwd,front,107.9,0.897164824603556,0.948160535117057,56.7,3075,l,four,120,mpfi,3.46,2.19,8.4,95.0,5000,19,24,15580,9.791666666666666,Low,False,True,True,False
109,0,161,peugot,four,sedan,rwd,front,107.9,0.897164824603556,0.948160535117057,56.7,3252,l,four,152,idi,3.70,3.52,21.0,95.0,4150,28,33,16900,7.121212121212121,Low,True,False,False,True
110,0,,peugot,four,wagon,rwd,front,114.2,0.9557904853435849,0.948160535117057,56.7,3285,l,four,120,mpfi,3.46,2.19,8.4,95.0,5000,19,24,16695,9.791666666666666,Low,False,True,True,False
111,0,,peugot,four,wagon,rwd,front,114.2,0.9557904853435849,0.9816053511705687,58.7,3485,l,four,152,idi,3.70,3.52,21.0,95.0,4150,25,25,17075,9.4,Low,True,False,False,True
112,0,161,peugot,four,sedan,rwd,front,107.9,0.897164824603556,0.948160535117057,56.7,3075,l,four,120,mpfi,3.46,3.19,8.4,97.0,5000,19,24,16630,9.791666666666666,Low,False,True,True,False
113,0,161,peugot,four,sedan,rwd,front,107.9,0.897164824603556,0.948160535117057,56.7,3252,l,four,152,idi,3.70,3.52,21.0,95.0,4150,28,33,17950,7.121212121212121,Low,True,False,False,True
114,0,161,peugot,four,sedan,rwd,front,108.0,0.897164824603556,0.9364548494983278,56.0,3130,l,four,134,mpfi,3.61,3.21,7.0,142.0,5600,18,24,18150,9.791666666666666,Medium,False,True,False,True
115,1,119,plymouth,two,hatchback,fwd,front,93.7,0.7558865929841423,0.8494983277591973,50.8,1918,ohc,four,90,2bbl,2.97,3.23,9.4,68.0,5500,37,41,5572,5.7317073170731705,Low,False,True,True,False
116,1,119,plymouth,two,hatchback,fwd,front,93.7,0.7558865929841423,0.8494983277591973,50.8,2128,ohc,four,98,spdi,3.03,3.39,7.6,102.0,5500,24,30,7957,7.833333333333333,Low,False,True,False,True
117,1,154,plymouth,four,hatchback,fwd,front,93.7,0.7558865929841423,0.8461538461538463,50.6,1967,ohc,four,90,2bbl,2.97,3.23,9.4,68.0,5500,31,38,6229,6.184210526315789,Low,False,True,True,False
118,1,154,plymouth,four,sedan,fwd,front,93.7,0.8039404132628545,0.8494983277591973,50.8,1989,ohc,four,90,2bbl,2.97,3.23,9.4,68.0,5500,31,38,6692,6.184210526315789,Low,False,True,True,False
119,1,154,plymouth,four,sedan,fwd,front,93.7,0.8039404132628545,0.8494983277591973,50.8,2191,ohc,four,98,2bbl,2.97,3.23,9.4,68.0,5500,31,38,7609,6.184210526315789,Low,False,True,True,False
120,-1,74,plymouth,four,wagon,fwd,front,103.3,0.8390197020663143,1.0,59.8,2535,ohc,four,122,2bbl,3.35,3.46,8.5,88.0,5000,24,30,8921,7.833333333333333,Low,False,True,True,False
121,3,,plymouth,two,hatchback,rwd,front,95.9,0.8322921672272945,0.8394648829431439,50.2,2818,ohc,four,156,spdi,3.59,3.86,7.0,145.0,5000,19,24,12764,9.791666666666666,Medium,False,True,False,True
122,3,186,porsche,two,hatchback,rwd,front,94.5,0.8116290245074483,0.8394648829431439,50.2,2778,ohc,four,151,mpfi,3.94,3.11,9.5,143.0,5500,19,27,22018,8.703703703703704,Medium,False,True,True,False
123,3,,porsche,two,hardtop,rwd,rear,89.5,0.8116290245074483,0.8628762541806021,51.6,2756,ohcf,six,194,mpfi,3.74,2.90,9.5,207.0,5900,17,25,32528,9.4,High,False,True,True,False
124,3,,porsche,two,hardtop,rwd,rear,89.5,0.8116290245074483,0.8628762541806021,51.6,2756,ohcf,six,194,mpfi,3.74,2.90,9.5,207.0,5900,17,25,34028,9.4,High,False,True,True,False
125,3,,porsche,two,convertible,rwd,rear,89.5,0.8116290245074483,0.8628762541806021,51.6,2800,ohcf,six,194,mpfi,3.74,2.90,9.5,207.0,5900,17,25,37028,9.4,High,False,True,True,False
126,0,,renault,four,wagon,fwd,front,96.1,0.8721768380586257,0.9230769230769231,55.2,2579,ohc,four,132,mpfi,3.46,3.90,8.7,,,23,31,9295,7.580645161290323,,False,True,True,False
127,2,,renault,two,hatchback,fwd,front,96.1,0.849591542527631,0.8444816053511706,50.5,2460,ohc,four,132,mpfi,3.46,3.90,8.7,,,23,31,9895,7.580645161290323,,False,True,True,False
128,3,150,saab,two,hatchback,fwd,front,99.1,0.8966842864007688,0.9381270903010034,56.1,2658,ohc,four,121,mpfi,3.54,3.07,9.31,110.0,5250,21,28,11850,8.392857142857142,Low,False,True,True,False
129,2,104,saab,four,sedan,fwd,front,99.1,0.8966842864007688,0.9381270903010034,56.1,2695,ohc,four,121,mpfi,3.54,3.07,9.3,110.0,5250,21,28,12170,8.392857142857142,Low,False,True,True,False
130,3,150,saab,two,hatchback,fwd,front,99.1,0.8966842864007688,0.9381270903010034,56.1,2707,ohc,four,121,mpfi,2.54,2.07,9.3,110.0,5250,21,28,15040,8.392857142857142,Low,False,True,True,False
131,2,104,saab,four,sedan,fwd,front,99.1,0.8966842864007688,0.9381270903010034,56.1,2758,ohc,four,121,mpfi,3.54,3.07,9.3,110.0,5250,21,28,15510,8.392857142857142,Low,False,True,True,False
132,3,150,saab,two,hatchback,fwd,front,99.1,0.8966842864007688,0.9381270903010034,56.1,2808,dohc,four,121,mpfi,3.54,3.07,9.0,160.0,5500,19,26,18150,9.038461538461538,Medium,False,True,False,True
133,2,104,saab,four,sedan,fwd,front,99.1,0.8966842864007688,0.9381270903010034,56.1,2847,dohc,four,121,mpfi,3.54,3.07,9.0,160.0,5500,19,26,18620,9.038461538461538,Medium,False,True,False,True
134,2,83,subaru,two,hatchback,fwd,front,93.7,0.7539644401729938,0.8979933110367894,53.7,2050,ohcf,four,97,2bbl,3.62,2.36,9.0,69.0,4900,31,36,5118,6.527777777777778,Low,False,True,True,False
135,2,83,subaru,two,hatchback,fwd,front,93.7,0.758769822200865,0.8979933110367894,53.7,2120,ohcf,four,108,2bbl,3.62,2.64,8.7,73.0,4400,26,31,7053,7.580645161290323,Low,False,True,True,False
136,2,83,subaru,two,hatchback,4wd,front,93.3,0.7558865929841423,0.931438127090301,55.7,2240,ohcf,four,108,2bbl,3.62,2.64,8.7,73.0,4400,26,31,7603,7.580645161290323,Low,False,True,True,False
137,0,102,subaru,four,sedan,fwd,front,97.2,0.8265257087938491,0.8779264214046824,52.5,2145,ohcf,four,108,2bbl,3.62,2.64,9.5,82.0,4800,32,37,7126,6.351351351351352,Low,False,True,True,False
138,0,102,subaru,four,sedan,fwd,front,97.2,0.8265257087938491,0.8779264214046824,52.5,2190,ohcf,four,108,2bbl,3.62,2.64,9.5,82.0,4400,28,33,7775,7.121212121212121,Low,False,True,True,False
139,0,102,subaru,four,sedan,fwd,front,97.2,0.8265257087938491,0.8779264214046824,52.5,2340,ohcf,four,108,mpfi,3.62,2.64,9.0,94.0,5200,26,32,9960,7.34375,Low,False,True,True,False
140,0,102,subaru,four,sedan,4wd,front,97.0,0.8265257087938491,0.9080267558528428,54.3,2385,ohcf,four,108,2bbl,3.62,2.64,9.0,82.0,4800,24,25,9233,9.4,Low,False,True,True,False
141,0,102,subaru,four,sedan,4wd,front,97.0,0.8265257087938491,0.9080267558528428,54.3,2510,ohcf,four,108,mpfi,3.62,2.64,7.7,111.0,4800,24,29,11259,8.10344827586207,Low,False,True,False,True
142,0,89,subaru,four,wagon,fwd,front,97.0,0.8337337818356559,0.8862876254180603,53.0,2290,ohcf,four,108,2bbl,3.62,2.64,9.0,82.0,4800,28,32,7463,7.34375,Low,False,True,True,False
143,0,89,subaru,four,wagon,fwd,front,97.0,0.8337337818356559,0.8862876254180603,53.0,2455,ohcf,four,108,mpfi,3.62,2.64,9.0,94.0,5200,25,31,10198,7.580645161290323,Low,False,True,True,False
144,0,85,subaru,four,wagon,4wd,front,96.9,0.8342143200384431,0.9180602006688964,54.9,2420,ohcf,four,108,2bbl,3.62,2.64,9.0,82.0,4800,23,29,8013,8.10344827586207,Low,False,True,True,False
145,0,85,subaru,four,wagon,4wd,front,96.9,0.8342143200384431,0.9180602006688964,54.9,2650,ohcf,four,108,mpfi,3.62,2.64,7.7,111.0,4800,23,23,11694,10.217391304347826,Low,False,True,False,True
146,1,87,toyota,two,hatchback,fwd,front,95.7,0.762614127823162,0.911371237458194,54.5,1985,ohc,four,92,2bbl,3.05,3.03,9.0,62.0,4800,35,39,5348,6.0256410256410255,Low,False,True,True,False
147,1,87,toyota,two,hatchback,fwd,front,95.7,0.762614127823162,0.911371237458194,54.5,2040,ohc,four,92,2bbl,3.05,3.03,9.0,62.0,4800,31,38,6338,6.184210526315789,Low,False,True,True,False
148,1,74,toyota,four,hatchback,fwd,front,95.7,0.762614127823162,0.911371237458194,54.5,2015,ohc,four,92,2bbl,3.05,3.03,9.0,62.0,4800,31,38,6488,6.184210526315789,Low,False,True,True,False
149,0,77,toyota,four,wagon,fwd,front,95.7,0.8154733301297453,0.988294314381271,59.1,2280,ohc,four,92,2bbl,3.05,3.03,9.0,62.0,4800,31,37,6918,6.351351351351352,Low,False,True,True,False
150,0,81,toyota,four,wagon,4wd,front,95.7,0.8154733301297453,0.988294314381271,59.1,2290,ohc,four,92,2bbl,3.05,3.03,9.0,62.0,4800,27,32,7898,7.34375,Low,False,True,True,False
151,0,91,toyota,four,wagon,4wd,front,95.7,0.8154733301297453,0.988294314381271,59.1,3110,ohc,four,92,2bbl,3.05,3.03,9.0,62.0,4800,27,32,8778,7.34375,Low,False,True,True,False
152,0,91,toyota,four,sedan,fwd,front,95.7,0.7991350312349833,0.8862876254180603,53.0,2081,ohc,four,98,2bbl,3.19,3.03,9.0,70.0,4800,30,37,6938,6.351351351351352,Low,False,True,True,False
153,0,91,toyota,four,hatchback,fwd,front,95.7,0.7991350312349833,0.882943143812709,52.8,2109,ohc,four,98,2bbl,3.19,3.03,9.0,70.0,4800,30,37,7198,6.351351351351352,Low,False,True,True,False
154,0,91,toyota,four,sedan,fwd,front,95.7,0.7991350312349833,0.8862876254180603,53.0,2275,ohc,four,110,idi,3.27,3.35,22.5,56.0,4500,34,36,7898,6.527777777777778,Low,True,False,True,False
155,0,91,toyota,four,hatchback,fwd,front,95.7,0.7991350312349833,0.882943143812709,52.8,2275,ohc,four,110,idi,3.27,3.35,22.5,56.0,4500,38,47,7788,5.0,Low,True,False,True,False
156,0,91,toyota,four,sedan,fwd,front,95.7,0.7991350312349833,0.8862876254180603,53.0,2094,ohc,four,98,2bbl,3.19,3.03,9.0,70.0,4800,38,47,7738,5.0,Low,False,True,True,False
157,0,91,toyota,four,hatchback,fwd,front,95.7,0.7991350312349833,0.882943143812709,52.8,2122,ohc,four,98,2bbl,3.19,3.03,9.0,70.0,4800,28,34,8358,6.911764705882353,Low,False,True,True,False
158,0,91,toyota,four,sedan,fwd,front,95.7,0.7991350312349833,0.882943143812709,52.8,2140,ohc,four,98,2bbl,3.19,3.03,9.0,70.0,4800,28,34,9258,6.911764705882353,Low,False,True,True,False
159,1,168,toyota,two,sedan,rwd,front,94.5,0.810667948101874,0.8795986622073579,52.6,2169,ohc,four,98,2bbl,3.19,3.03,9.0,70.0,4800,29,34,8058,6.911764705882353,Low,False,True,True,False
160,1,168,toyota,two,hatchback,rwd,front,94.5,0.810667948101874,0.8795986622073579,52.6,2204,ohc,four,98,2bbl,3.19,3.03,9.0,70.0,4800,29,34,8238,6.911764705882353,Low,False,True,True,False
161,1,168,toyota,two,sedan,rwd,front,94.5,0.810667948101874,0.8795986622073579,52.6,2265,dohc,four,98,mpfi,3.24,3.08,9.4,112.0,6600,26,29,9298,8.10344827586207,Low,False,True,True,False
162,1,168,toyota,two,hatchback,rwd,front,94.5,0.810667948101874,0.8795986622073579,52.6,2300,dohc,four,98,mpfi,3.24,3.08,9.4,112.0,6600,26,29,9538,8.10344827586207,Low,False,True,True,False
163,2,134,toyota,two,hardtop,rwd,front,98.4,0.8467083133109082,0.8695652173913044,52.0,2540,ohc,four,146,mpfi,3.62,3.50,9.3,116.0,4800,24,30,8449,7.833333333333333,Low,False,True,True,False
164,2,134,toyota,two,hardtop,rwd,front,98.4,0.8467083133109082,0.8695652173913044,52.0,2536,ohc,four,146,mpfi,3.62,3.50,9.3,116.0,4800,24,30,9639,7.833333333333333,Low,False,True,True,False
165,2,134,toyota,two,hatchback,rwd,front,98.4,0.8467083133109082,0.8695652173913044,52.0,2551,ohc,four,146,mpfi,3.62,3.50,9.3,116.0,4800,24,30,9989,7.833333333333333,Low,False,True,True,False
166,2,134,toyota,two,hardtop,rwd,front,98.4,0.8467083133109082,0.8695652173913044,52.0,2679,ohc,four,146,mpfi,3.62,3.50,9.3,116.0,4800,24,30,11199,7.833333333333333,Low,False,True,True,False
167,2,134,toyota,two,hatchback,rwd,front,98.4,0.8467083133109082,0.8695652173913044,52.0,2714,ohc,four,146,mpfi,3.62,3.50,9.3,116.0,4800,24,30,11549,7.833333333333333,Low,False,True,True,False
168,2,134,toyota,two,convertible,rwd,front,98.4,0.8467083133109082,0.8862876254180603,53.0,2975,ohc,four,146,mpfi,3.62,3.50,9.3,116.0,4800,24,30,17669,7.833333333333333,Low,False,True,True,False
169,-1,65,toyota,four,sedan,fwd,front,102.4,0.8438250840941854,0.9180602006688964,54.9,2326,ohc,four,122,mpfi,3.31,3.54,8.7,92.0,4200,29,34,8948,6.911764705882353,Low,False,True,True,False
170,-1,65,toyota,four,sedan,fwd,front,102.4,0.8438250840941854,0.9180602006688964,54.9,2480,ohc,four,110,idi,3.27,3.35,22.5,73.0,4500,30,33,10698,7.121212121212121,Low,True,False,False,True
171,-1,65,toyota,four,hatchback,fwd,front,102.4,0.8438250840941854,0.9013377926421405,53.9,2414,ohc,four,122,mpfi,3.31,3.54,8.7,92.0,4200,27,32,9988,7.34375,Low,False,True,True,False
172,-1,65,toyota,four,sedan,fwd,front,102.4,0.8438250840941854,0.9180602006688964,54.9,2414,ohc,four,122,mpfi,3.31,3.54,8.7,92.0,4200,27,32,10898,7.34375,Low,False,True,True,False
173,-1,65,toyota,four,hatchback,fwd,front,102.4,0.8438250840941854,0.9013377926421405,53.9,2458,ohc,four,122,mpfi,3.31,3.54,8.7,92.0,4200,27,32,11248,7.34375,Low,False,True,True,False
174,3,197,toyota,two,hatchback,rwd,front,102.9,0.8817876021143681,0.8695652173913044,52.0,2976,dohc,six,171,mpfi,3.27,3.35,9.3,161.0,5200,20,24,16558,9.791666666666666,Medium,False,True,True,False
175,3,197,toyota,two,hatchback,rwd,front,102.9,0.8817876021143681,0.8695652173913044,52.0,3016,dohc,six,171,mpfi,3.27,3.35,9.3,161.0,5200,19,24,15998,9.791666666666666,Medium,False,True,True,False
176,-1,90,toyota,four,sedan,rwd,front,104.5,0.9024507448342144,0.9046822742474917,54.1,3131,dohc,six,171,mpfi,3.27,3.35,9.2,156.0,5200,20,24,15690,9.791666666666666,Medium,False,True,True,False
177,-1,,toyota,four,wagon,rwd,front,104.5,0.9024507448342144,0.9046822742474917,54.1,3151,dohc,six,161,mpfi,3.27,3.35,9.2,156.0,5200,19,24,15750,9.791666666666666,Medium,False,True,True,False
178,2,122,volkswagen,two,sedan,fwd,front,97.3,0.8250840941854877,0.931438127090301,55.7,2261,ohc,four,97,idi,3.01,3.40,23.0,52.0,4800,37,46,7775,5.108695652173913,Low,True,False,True,False
179,2,122,volkswagen,two,sedan,fwd,front,97.3,0.8250840941854877,0.931438127090301,55.7,2209,ohc,four,109,mpfi,3.19,3.40,9.0,85.0,5250,27,34,7975,6.911764705882353,Low,False,True,True,False
180,2,94,volkswagen,four,sedan,fwd,front,97.3,0.8250840941854877,0.931438127090301,55.7,2264,ohc,four,97,idi,3.01,3.40,23.0,52.0,4800,37,46,7995,5.108695652173913,Low,True,False,True,False
181,2,94,volkswagen,four,sedan,fwd,front,97.3,0.8250840941854877,0.931438127090301,55.7,2212,ohc,four,109,mpfi,3.19,3.40,9.0,85.0,5250,27,34,8195,6.911764705882353,Low,False,True,True,False
182,2,94,volkswagen,four,sedan,fwd,front,97.3,0.8250840941854877,0.931438127090301,55.7,2275,ohc,four,109,mpfi,3.19,3.40,9.0,85.0,5250,27,34,8495,6.911764705882353,Low,False,True,True,False
183,2,94,volkswagen,four,sedan,fwd,front,97.3,0.8250840941854877,0.931438127090301,55.7,2319,ohc,four,97,idi,3.01,3.40,23.0,68.0,4500,37,42,9495,5.595238095238095,Low,True,False,False,True
184,2,94,volkswagen,four,sedan,fwd,front,97.3,0.8250840941854877,0.931438127090301,55.7,2300,ohc,four,109,mpfi,3.19,3.40,10.0,100.0,5500,26,32,9995,7.34375,Low,False,True,True,False
185,3,,volkswagen,two,convertible,fwd,front,94.5,0.7654973570398848,0.9297658862876255,55.6,2254,ohc,four,109,mpfi,3.19,3.40,8.5,90.0,5500,24,29,11595,8.10344827586207,Low,False,True,True,False
186,3,256,volkswagen,two,hatchback,fwd,front,94.5,0.7962518020182604,0.8595317725752508,51.4,2221,ohc,four,109,mpfi,3.19,3.40,8.5,90.0,5500,24,29,9980,8.10344827586207,Low,False,True,True,False
187,0,,volkswagen,four,sedan,fwd,front,100.4,0.865929841422393,0.9214046822742475,55.1,2661,ohc,five,136,mpfi,3.19,3.40,8.5,110.0,5500,19,24,13295,9.791666666666666,Low,False,True,True,False
188,0,,volkswagen,four,sedan,fwd,front,100.4,0.865929841422393,0.9214046822742475,55.1,2579,ohc,four,97,idi,3.01,3.40,23.0,68.0,4500,33,38,13845,6.184210526315789,Low,True,False,False,True
189,0,,volkswagen,four,wagon,fwd,front,100.4,0.8798654493032196,0.9214046822742475,55.1,2563,ohc,four,109,mpfi,3.19,3.40,9.0,88.0,5500,25,31,12290,7.580645161290323,Low,False,True,True,False
190,-2,103,volvo,four,sedan,rwd,front,104.3,0.9072561268620856,0.939799331103679,56.2,2912,ohc,four,141,mpfi,3.78,3.15,9.5,114.0,5400,23,28,12940,8.392857142857142,Low,False,True,True,False
191,-1,74,volvo,four,wagon,rwd,front,104.3,0.9072561268620856,0.9615384615384616,57.5,3034,ohc,four,141,mpfi,3.78,3.15,9.5,114.0,5400,23,28,13415,8.392857142857142,Low,False,True,True,False
192,-2,103,volvo,four,sedan,rwd,front,104.3,0.9072561268620856,0.939799331103679,56.2,2935,ohc,four,141,mpfi,3.78,3.15,9.5,114.0,5400,24,28,15985,8.392857142857142,Low,False,True,True,False
193,-1,74,volvo,four,wagon,rwd,front,104.3,0.9072561268620856,0.9615384615384616,57.5,3042,ohc,four,141,mpfi,3.78,3.15,9.5,114.0,5400,24,28,16515,8.392857142857142,Low,False,True,True,False
194,-2,103,volvo,four,sedan,rwd,front,104.3,0.9072561268620856,0.939799331103679,56.2,3045,ohc,four,130,mpfi,3.62,3.15,7.5,162.0,5100,17,22,18420,10.681818181818182,Medium,False,True,False,True
195,-1,74,volvo,four,wagon,rwd,front,104.3,0.9072561268620856,0.9615384615384616,57.5,3157,ohc,four,130,mpfi,3.62,3.15,7.5,162.0,5100,17,22,18950,10.681818181818182,Medium,False,True,False,True
196,-1,95,volvo,four,sedan,rwd,front,109.1,0.9072561268620856,0.9280936454849499,55.5,2952,ohc,four,141,mpfi,3.78,3.15,9.5,114.0,5400,23,28,16845,8.392857142857142,Low,False,True,True,False
197,-1,95,volvo,four,sedan,rwd,front,109.1,0.9072561268620856,0.9280936454849499,55.5,3049,ohc,four,141,mpfi,3.78,3.15,8.7,160.0,5300,19,25,19045,9.4,Medium,False,True,False,True
198,-1,95,volvo,four,sedan,rwd,front,109.1,0.9072561268620856,0.9280936454849499,55.5,3012,ohcv,six,173,mpfi,3.58,2.87,8.8,134.0,5500,18,23,21485,10.217391304347826,Medium,False,True,True,False
199,-1,95,volvo,four,sedan,rwd,front,109.1,0.9072561268620856,0.9280936454849499,55.5,3217,ohc,six,145,idi,3.01,3.40,23.0,106.0,4800,26,27,22470,8.703703703703704,Low,True,False,False,True
200,-1,95,volvo,four,sedan,rwd,front,109.1,0.9072561268620856,0.9280936454849499,55.5,3062,ohc,four,141,mpfi,3.78,3.15,9.5,114.0,5400,19,25,22625,9.4,Low,False,True,False,True
